,clip_name,frame,0_x,0_y,0_z,1_x,1_y,1_z,2_x,2_y,2_z,3_x,3_y,3_z,4_x,4_y,4_z,5_x,5_y,5_z,6_x,6_y,6_z,7_x,7_y,7_z,8_x,8_y,8_z,9_x,9_y,9_z,10_x,10_y,10_z,11_x,11_y,11_z,12_x,12_y,12_z,13_x,13_y,13_z,14_x,14_y,14_z,15_x,15_y,15_z,16_x,16_y,16_z,17_x,17_y,17_z,18_x,18_y,18_z,19_x,19_y,19_z,20_x,20_y,20_z,21_x,21_y,21_z,22_x,22_y,22_z,23_x,23_y,23_z,24_x,24_y,24_z,25_x,25_y,25_z,26_x,26_y,26_z,27_x,27_y,27_z,28_x,28_y,28_z,29_x,29_y,29_z,30_x,30_y,30_z,31_x,31_y,31_z,32_x,32_y,32_z
0,1.MOV,1,0.4937015175819397,0.2706761360168457,-0.2233579158782959,0.49847468733787537,0.25607845187187195,-0.21347427368164062,0.5016675591468811,0.2558692693710327,-0.21346859633922577,0.5046736001968384,0.2558986246585846,-0.21347446739673615,0.4894269108772278,0.256515771150589,-0.21003358066082,0.48667341470718384,0.2565148174762726,-0.21004800498485565,0.48497670888900757,0.25649726390838623,-0.210048109292984,0.5088953375816345,0.259161114692688,-0.13337253034114838,0.48189717531204224,0.2595056891441345,-0.11589901149272919,0.4992820620536804,0.2837110161781311,-0.19103488326072693,0.48859405517578125,0.28423553705215454,-0.1868433803319931,0.531814455986023,0.323140949010849,-0.088533416390419,0.46511024236679077,0.3307783603668213,-0.0421464741230011,0.5476855635643005,0.41548797488212585,-0.1858525574207306,0.4371381402015686,0.4060380160808563,-0.13930027186870575,0.5121078491210938,0.35748279094696045,-0.3372797667980194,0.4607172906398773,0.34646639227867126,-0.32241177558898926,0.5042847394943237,0.34165728092193604,-0.37219423055648804,0.46715983748435974,0.32594627141952515,-0.35635673999786377,0.5036388039588928,0.33416852355003357,-0.36441266536712646,0.4693167209625244,0.32052910327911377,-0.35101765394210815,0.5045825839042664,0.3379881978034973,-0.3365843892097473,0.4695999026298523,0.3261879086494446,-0.32407501339912415,0.526624858379364,0.515327513217926,-0.026022618636488914,0.48511719703674316,0.5172718167304993,0.026048660278320312,0.5394904017448425,0.6518719792366028,-0.05783652514219284,0.47139495611190796,0.6472967267036438,0.09750495851039886,0.5542891025543213,0.7816926836967468,-0.012518798932433128,0.4834267497062683,0.7587324976921082,0.25478172302246094,0.5536873936653137,0.797583281993866,-0.015172911807894707,0.49255305528640747,0.7772506475448608,0.2656187415122986,0.557566225528717,0.8265394568443298,-0.12877462804317474,0.45897525548934937,0.7898693680763245,0.1914047747850418
1,1.MOV,2,0.5326218605041504,0.33447718620300293,-0.22007358074188232,0.5351933836936951,0.3196227252483368,-0.19989019632339478,0.5362393856048584,0.3196156322956085,-0.19990429282188416,0.5371379852294922,0.3195655941963196,-0.19998003542423248,0.5297492742538452,0.31744396686553955,-0.2158200740814209,0.5265772938728333,0.3157074451446533,-0.2158375233411789,0.523152768611908,0.31359097361564636,-0.21587128937244415,0.5331172943115234,0.31860944628715515,-0.08891664445400238,0.5132858753204346,0.30860650539398193,-0.15593221783638,0.5305922627449036,0.34706661105155945,-0.17562642693519592,0.5243542194366455,0.34501203894615173,-0.19609615206718445,0.5382397770881653,0.3771998882293701,-0.010397004894912243,0.4742822051048279,0.35817751288414,-0.15128140151500702,0.5818577408790588,0.405956894159317,-0.007415590342134237,0.47692108154296875,0.4402996599674225,-0.2700026035308838,0.6293571591377258,0.41692018508911133,-0.10729482024908066,0.5308381915092468,0.4451367259025574,-0.3989661633968353,0.6432285308837891,0.4127730131149292,-0.1291903555393219,0.5456258654594421,0.44343113899230957,-0.4398709833621979,0.6431722044944763,0.4061979055404663,-0.15014111995697021,0.5510795712471008,0.43578284978866577,-0.43442827463150024,0.6380841732025146,0.4141567647457123,-0.12004035711288452,0.5475584864616394,0.43387821316719055,-0.39922377467155457,0.5102367997169495,0.5667657852172852,0.024066094309091568,0.46728086471557617,0.5636784434318542,-0.02396002784371376,0.5572560429573059,0.6684978008270264,-0.11348649114370346,0.42958158254623413,0.6942891478538513,-0.048344869166612625,0.5578100085258484,0.7818915247917175,0.06546109914779663,0.4300483167171478,0.7504107356071472,0.2449614256620407,0.5483019948005676,0.8056998252868652,0.08005107939243317,0.43688955903053284,0.7615254521369934,0.27114352583885193,0.5858809947967529,0.8191291093826294,-0.0038182795979082584,0.40814152359962463,0.8068422079086304,0.20627041161060333
2,1.MOV,3,0.46454110741615295,0.34769755601882935,-0.15788032114505768,0.4671711027622223,0.33291536569595337,-0.13995948433876038,0.46772703528404236,0.3328469395637512,-0.13995911180973053,0.46824708580970764,0.33263444900512695,-0.13996675610542297,0.46351614594459534,0.32951247692108154,-0.16671398282051086,0.4615517556667328,0.3270297944545746,-0.16673211753368378,0.45893940329551697,0.3240111172199249,-0.16677889227867126,0.46136513352394104,0.32682934403419495,-0.04278228431940079,0.4474167227745056,0.31404316425323486,-0.1639648973941803,0.46084824204444885,0.3592318594455719,-0.11908848583698273,0.45627862215042114,0.3548080623149872,-0.15515705943107605,0.45750483870506287,0.38712382316589355,0.03180458024144173,0.393213152885437,0.37777939438819885,-0.16002348065376282,0.48745784163475037,0.4624824821949005,-0.02578302100300789,0.37186187505722046,0.47940927743911743,-0.26792967319488525,0.5008903741836548,0.38158082962036133,-0.20580200850963593,0.4156012535095215,0.4658251106739044,-0.3706962466239929,0.505034863948822,0.3614296019077301,-0.23788757622241974,0.42640501260757446,0.45624297857284546,-0.40173807740211487,0.5021304488182068,0.3512011766433716,-0.22417759895324707,0.42685866355895996,0.44592997431755066,-0.39023590087890625,0.49911847710609436,0.3576110899448395,-0.20731869339942932,0.424604594707489,0.44785889983177185,-0.3654227554798126,0.4421822130680084,0.578245222568512,0.057359762489795685,0.40310144424438477,0.5901059508323669,-0.05740714073181152,0.50428307056427,0.667815089225769,-0.0030678834300488234,0.3882647454738617,0.7304448485374451,-0.017288977280259132,0.5201893448829651,0.7827551364898682,0.1403624713420868,0.3544735312461853,0.8367851376533508,0.16536691784858704,0.5123687386512756,0.8106568455696106,0.15210916101932526,0.3463517427444458,0.8542510867118835,0.1792822778224945,0.5575827360153198,0.8165016770362854,0.09079984575510025,0.3658776879310608,0.8855287432670593,0.09140688180923462
3,1.MOV,4,0.4805935025215149,0.34538352489471436,-0.05606250837445259,0.4797544479370117,0.3318752646446228,-0.0457642525434494,0.4789598882198334,0.3310321867465973,-0.04577624052762985,0.47822102904319763,0.33024153113365173,-0.04581112042069435,0.4800434708595276,0.3316362202167511,-0.07504703104496002,0.4793226718902588,0.3306751251220703,-0.07505954056978226,0.47851505875587463,0.3296057879924774,-0.07509052008390427,0.467583566904068,0.32513752579689026,0.008083701133728027,0.46789026260375977,0.32454773783683777,-0.1254402995109558,0.4750257134437561,0.35529625415802,-0.03304341807961464,0.47522440552711487,0.35381558537483215,-0.07239361107349396,0.44251593947410583,0.3745577037334442,0.10779856145381927,0.4452614188194275,0.3830498456954956,-0.1905958354473114,0.4651351571083069,0.3955925703048706,0.2741701900959015,0.4947262704372406,0.40450093150138855,-0.2289905548095703,0.49924564361572266,0.37455347180366516,0.381473183631897,0.5572611093521118,0.39250996708869934,-0.1709260642528534,0.5039271116256714,0.3618210256099701,0.4074597954750061,0.5677350759506226,0.37323498725891113,-0.19188767671585083,0.5010381937026978,0.3591535687446594,0.3853057026863098,0.5647533535957336,0.36654505133628845,-0.1824938952922821,0.49932584166526794,0.3642321825027466,0.3741433620452881,0.5616475939750671,0.3732975423336029,-0.1653485745191574,0.4451034963130951,0.580815315246582,0.0848749652504921,0.4213191568851471,0.5955101847648621,-0.08491341769695282,0.5011920928955078,0.6615690588951111,0.12498986721038818,0.4257858395576477,0.7361156940460205,-0.045640431344509125,0.5211371183395386,0.7903633117675781,0.22939415276050568,0.3574773073196411,0.8332850337028503,0.05129885673522949,0.5133346915245056,0.8159044981002808,0.23808693885803223,0.3446599841117859,0.8352346420288086,0.060232795774936676,0.5577625036239624,0.8158460855484009,0.20806121826171875,0.36924538016319275,0.890588104724884,0.0059646302834153175
4,1.MOV,5,0.5086062550544739,0.35914769768714905,-0.04913121089339256,0.5104296803474426,0.34521767497062683,-0.03629615157842636,0.510318398475647,0.3446952998638153,-0.03629506751894951,0.5101324319839478,0.3441475033760071,-0.03628335893154144,0.5081257820129395,0.3433128595352173,-0.06404347717761993,0.50626540184021,0.3415267765522003,-0.0640573501586914,0.5042966604232788,0.33951470255851746,-0.06406697630882263,0.5007252097129822,0.33806487917900085,0.03636244684457779,0.4917774796485901,0.330466628074646,-0.08748941123485565,0.5032787919044495,0.368297278881073,-0.019684959203004837,0.5003464221954346,0.36613988876342773,-0.05586941912770271,0.48838895559310913,0.38712644577026367,0.1108701080083847,0.45472556352615356,0.38463953137397766,-0.14886429905891418,0.5051206350326538,0.45705005526542664,0.06220705434679985,0.47792869806289673,0.45512622594833374,-0.1729787141084671,0.5307326912879944,0.4682264029979706,-0.105857715010643,0.5296896696090698,0.4263887107372284,-0.07419178634881973,0.5363902449607849,0.5225405693054199,-0.13209104537963867,0.5406346321105957,0.40964072942733765,-0.08067835867404938,0.5334069132804871,0.5073058009147644,-0.1320858895778656,0.5387874841690063,0.4005994200706482,-0.08173935115337372,0.5295726656913757,0.49238625168800354,-0.11344227939844131,0.5351810455322266,0.4053128957748413,-0.0697394534945488,0.46037420630455017,0.5783371329307556,0.07377582788467407,0.4267961084842682,0.58250492811203,-0.0737093985080719,0.5158740282058716,0.6592957973480225,0.022767921909689903,0.4020717144012451,0.7179027795791626,-0.09960432350635529,0.5219097137451172,0.7906007766723633,0.08742327988147736,0.3519681990146637,0.8338683843612671,-0.09826532006263733,0.5133235454559326,0.8192610144615173,0.09111761301755905,0.33736398816108704,0.8467909693717957,-0.10107648372650146,0.5580451488494873,0.8146078586578369,0.045751359313726425,0.36877232789993286,0.8899845480918884,-0.18251743912696838
5,1.MOV,6,0.5256928205490112,0.27226629853248596,-0.26324060559272766,0.5289512872695923,0.25873714685440063,-0.2505090534687042,0.5303350687026978,0.259124755859375,-0.2505135238170624,0.5318717360496521,0.2594248950481415,-0.2505696415901184,0.5223863124847412,0.25646892189979553,-0.2529788613319397,0.5186985731124878,0.25525587797164917,-0.25300437211990356,0.5155077576637268,0.2543056309223175,-0.25297680497169495,0.5314935445785522,0.26178887486457825,-0.15030673146247864,0.5077536106109619,0.2560787498950958,-0.1603192687034607,0.5249301195144653,0.2869267165660858,-0.22330322861671448,0.5168365240097046,0.2850448489189148,-0.22638528048992157,0.5444419384002686,0.3342834711074829,-0.07261087000370026,0.4756142497062683,0.3155216574668884,-0.09539207816123962,0.5701669454574585,0.42295607924461365,-0.16897788643836975,0.4417913556098938,0.40107032656669617,-0.20493097603321075,0.5468252301216125,0.3895544409751892,-0.363698273897171,0.4872918128967285,0.3739773631095886,-0.3706318140029907,0.5385164618492126,0.38300642371177673,-0.40328845381736755,0.4984953999519348,0.3679867684841156,-0.4064793586730957,0.5347360372543335,0.372591108083725,-0.3969941735267639,0.5019785165786743,0.3608631491661072,-0.3966819643974304,0.5352506637573242,0.37479397654533386,-0.36491459608078003,0.49945539236068726,0.3627758324146271,-0.3687075972557068,0.5160520672798157,0.5208712816238403,0.006612591445446014,0.4742036461830139,0.5156758427619934,-0.006598195992410183,0.5321717262268066,0.6571745276451111,-0.10505957901477814,0.45265212655067444,0.657696008682251,0.02043277584016323,0.5241363644599915,0.786838948726654,-0.008759361691772938,0.4709070324897766,0.7468912601470947,0.2542688846588135,0.5146495699882507,0.8077371120452881,-0.00422952976077795,0.47834745049476624,0.7566962242126465,0.2738494873046875,0.5514037609100342,0.8239200115203857,-0.10542836040258408,0.4531289041042328,0.7977347373962402,0.20586125552654266
6,1.MOV,7,0.4903036653995514,0.2629070281982422,-0.25244632363319397,0.49490809440612793,0.25031593441963196,-0.24243664741516113,0.4978414475917816,0.2506119906902313,-0.24242344498634338,0.49986428022384644,0.2510709762573242,-0.24241812527179718,0.48597487807273865,0.2501814067363739,-0.2401951253414154,0.4830322861671448,0.25074303150177,-0.24020662903785706,0.47999605536460876,0.2514943778514862,-0.24017982184886932,0.5030323266983032,0.25630947947502136,-0.15952913463115692,0.4772023558616638,0.2569449543952942,-0.14674735069274902,0.4959767758846283,0.27672508358955383,-0.2186027467250824,0.4844995141029358,0.2770547568798065,-0.21565623581409454,0.5258345603942871,0.3258167505264282,-0.09972061216831207,0.4579763412475586,0.3341650366783142,-0.06076907366514206,0.5490331053733826,0.41694483160972595,-0.16637283563613892,0.44097933173179626,0.4276990592479706,-0.12983137369155884,0.5196881294250488,0.40132972598075867,-0.3262004256248474,0.4624435007572174,0.38602355122566223,-0.320676326751709,0.5104920268058777,0.40758776664733887,-0.3636843264102936,0.469412237405777,0.37843212485313416,-0.3559705317020416,0.5068826079368591,0.39002129435539246,-0.364524245262146,0.4703812599182129,0.36776724457740784,-0.35858848690986633,0.5084580183029175,0.387097030878067,-0.32822945713996887,0.4700673222541809,0.3692912757396698,-0.32467085123062134,0.5215619802474976,0.5017060041427612,-0.02227431908249855,0.48014315962791443,0.5091960430145264,0.022284746170043945,0.5365601181983948,0.6446758508682251,-0.05875878781080246,0.4786146283149719,0.6487880349159241,0.08095130324363708,0.5509487986564636,0.7766187787055969,-0.02181876078248024,0.49200254678726196,0.7585105299949646,0.2169390618801117,0.5458670854568481,0.795659065246582,-0.025589894503355026,0.502858579158783,0.7761164903640747,0.220861554145813,0.5605635046958923,0.8209132552146912,-0.1423347294330597,0.46900439262390137,0.7931463718414307,0.1360998898744583
7,1.MOV,8,0.5166724920272827,0.25300881266593933,-0.2355441153049469,0.5206068754196167,0.24107292294502258,-0.2244560718536377,0.5236117839813232,0.24115878343582153,-0.2244691550731659,0.5262472033500671,0.24154844880104065,-0.22444088757038116,0.512844443321228,0.2412223219871521,-0.2197616994380951,0.5100715160369873,0.24140985310077667,-0.2197507619857788,0.5071256756782532,0.24148645997047424,-0.21973462402820587,0.5306533575057983,0.24867123365402222,-0.13780388236045837,0.5035861730575562,0.24670694768428802,-0.12524591386318207,0.5211981534957886,0.26706287264823914,-0.2021094262599945,0.5116989016532898,0.2669724225997925,-0.1969040036201477,0.5521837472915649,0.323247492313385,-0.08458767831325531,0.48256978392601013,0.32631099224090576,-0.04488283768296242,0.5694791078567505,0.41798388957977295,-0.14807553589344025,0.46125197410583496,0.4204658567905426,-0.11214955151081085,0.536608099937439,0.4019845724105835,-0.314874529838562,0.48201656341552734,0.3837302327156067,-0.3036039173603058,0.5269080996513367,0.40420833230018616,-0.3532177805900574,0.48919740319252014,0.37605056166648865,-0.3401808738708496,0.5253748297691345,0.3893318176269531,-0.35372501611709595,0.49032050371170044,0.36683914065361023,-0.3436425030231476,0.5274928212165833,0.38714128732681274,-0.3175552785396576,0.4893387258052826,0.36771050095558167,-0.3083955943584442,0.5354746580123901,0.5131751298904419,-0.021481458097696304,0.49572986364364624,0.5112082362174988,0.02149011939764023,0.5475442409515381,0.6577808260917664,-0.03334518522024155,0.48422878980636597,0.6465820074081421,0.08654586970806122,0.559678316116333,0.7852672338485718,0.03857814148068428,0.49093905091285706,0.7586515545845032,0.23007957637310028,0.554970383644104,0.8046238422393799,0.03789267688989639,0.500831663608551,0.7772046327590942,0.2386046200990677,0.5716456174850464,0.8268226385116577,-0.07452768832445145,0.4663880467414856,0.7931470274925232,0.15428639948368073
8,1.MOV,1,0.4955082833766937,0.27042296528816223,-0.2184087336063385,0.5002129077911377,0.25540977716445923,-0.21125809848308563,0.5031605362892151,0.2552120089530945,-0.21124589443206787,0.5058554410934448,0.2552186846733093,-0.21124406158924103,0.49163946509361267,0.25594890117645264,-0.2051948755979538,0.4888964295387268,0.25591737031936646,-0.20520731806755066,0.486577570438385,0.25608566403388977,-0.2052149474620819,0.5106024146080017,0.25786593556404114,-0.13800327479839325,0.48474615812301636,0.2589370012283325,-0.1090283989906311,0.501529335975647,0.2835213243961334,-0.18829882144927979,0.49086228013038635,0.2843800187110901,-0.18045556545257568,0.5349005460739136,0.3212340772151947,-0.10129575431346893,0.47095099091529846,0.3261979818344116,-0.03216593712568283,0.5546005964279175,0.40725213289260864,-0.2043013572692871,0.44219034910202026,0.40401819348335266,-0.12928517162799835,0.5140490531921387,0.34877875447273254,-0.3403252363204956,0.4661933481693268,0.3424778878688812,-0.3115946054458618,0.5055003762245178,0.33334484696388245,-0.3730231523513794,0.4723843038082123,0.31986144185066223,-0.3457776606082916,0.5050694346427917,0.32745349407196045,-0.3638339638710022,0.473942369222641,0.31312134861946106,-0.33794885873794556,0.5062507390975952,0.33198368549346924,-0.33833345770835876,0.4748656749725342,0.3213438391685486,-0.31250160932540894,0.5284422636032104,0.5137175917625427,-0.03231170400977135,0.4884982109069824,0.513140082359314,0.03230125457048416,0.5395635962486267,0.6518039107322693,-0.04637778550386429,0.4755130708217621,0.6435734629631042,0.10716776549816132,0.5542256832122803,0.7816168069839478,0.011645494028925896,0.4827258586883545,0.7577480673789978,0.25867778062820435,0.5536009669303894,0.796349823474884,0.010900757275521755,0.4920863211154938,0.7765950560569763,0.26936036348342896,0.5560153722763062,0.8267586827278137,-0.10106556117534637,0.4583829939365387,0.7906039953231812,0.19573381543159485
9,1.MOV,2,0.49427956342697144,0.27057668566703796,-0.2162761688232422,0.4987965524196625,0.25575166940689087,-0.20725420117378235,0.5018642544746399,0.25553008913993835,-0.20724137127399445,0.5048527717590332,0.25554177165031433,-0.2072426974773407,0.4901413023471832,0.25628864765167236,-0.20271015167236328,0.4874120354652405,0.25629279017448425,-0.2027258425951004,0.48566412925720215,0.2563527822494507,-0.20273146033287048,0.5093383193016052,0.25846537947654724,-0.13119623064994812,0.4831845164299011,0.2592912018299103,-0.10946855694055557,0.500059962272644,0.2835617661476135,-0.18609584867954254,0.4896024167537689,0.2843024432659149,-0.18015268445014954,0.5332456827163696,0.32229793071746826,-0.09657449275255203,0.4680696427822113,0.32832151651382446,-0.03814142197370529,0.5519043207168579,0.40807151794433594,-0.2010897845029831,0.43946948647499084,0.4039756655693054,-0.13967476785182953,0.5120443105697632,0.3503990173339844,-0.3433986306190491,0.4639468193054199,0.34287723898887634,-0.3216874599456787,0.5038989782333374,0.3345692753791809,-0.37749579548835754,0.4695627689361572,0.31837892532348633,-0.35643965005874634,0.5031366348266602,0.32894256711006165,-0.3679298758506775,0.4717407822608948,0.31324633955955505,-0.34945541620254517,0.5040903091430664,0.3329974412918091,-0.3417312800884247,0.47282856702804565,0.3217211067676544,-0.32297542691230774,0.5272308588027954,0.5142642259597778,-0.030944760888814926,0.4868679940700531,0.5152587294578552,0.030926957726478577,0.5385966897010803,0.6510167121887207,-0.04585929960012436,0.47320419549942017,0.6452335715293884,0.1004767045378685,0.5543414950370789,0.7808396220207214,0.01129872165620327,0.4830039441585541,0.7578627467155457,0.25430864095687866,0.5541170835494995,0.7940647602081299,0.01047510001808405,0.4921162724494934,0.7766805291175842,0.2650595009326935,0.5553939938545227,0.8276105523109436,-0.10058967769145966,0.4586854875087738,0.7900069355964661,0.19115184247493744
10,1.MOV,3,0.4964297413825989,0.2784867286682129,-0.2333216369152069,0.5005977153778076,0.26545020937919617,-0.22118353843688965,0.5029865503311157,0.2655408978462219,-0.22118064761161804,0.5052205324172974,0.2656170427799225,-0.22120285034179688,0.4918077886104584,0.26453277468681335,-0.22223934531211853,0.4886501431465149,0.2639175057411194,-0.22226496040821075,0.4860946536064148,0.2634567618370056,-0.22226135432720184,0.5087397694587708,0.26794520020484924,-0.1320447325706482,0.4818754196166992,0.2667215168476105,-0.13595443964004517,0.5006559491157532,0.29237377643585205,-0.19742827117443085,0.4904375672340393,0.2918585240840912,-0.19932308793067932,0.5282973051071167,0.3307987451553345,-0.07770302146673203,0.46166831254959106,0.3374800682067871,-0.06714263558387756,0.5471311807632446,0.4214474856853485,-0.16817830502986908,0.436438649892807,0.4158087372779846,-0.16520419716835022,0.5135685205459595,0.37699973583221436,-0.3315238654613495,0.46067914366722107,0.35665765404701233,-0.34335416555404663,0.5055046677589417,0.3647867739200592,-0.36599916219711304,0.46741724014282227,0.3412504494190216,-0.3772065043449402,0.5051476955413818,0.3553081750869751,-0.3589712083339691,0.46951013803482056,0.3345680832862854,-0.37146884202957153,0.5062885284423828,0.35926786065101624,-0.331283837556839,0.46960926055908203,0.33877354860305786,-0.3441958427429199,0.5255627632141113,0.5172415375709534,-0.009481912478804588,0.4835522174835205,0.5212955474853516,0.009496813639998436,0.545287013053894,0.6537099480628967,-0.050560593605041504,0.4666256904602051,0.653551459312439,0.033283717930316925,0.5540254712104797,0.7806073427200317,0.024583300575613976,0.48350709676742554,0.7599091529846191,0.1876901239156723,0.5495996475219727,0.8010498285293579,0.025718996301293373,0.49295392632484436,0.7777348756790161,0.19778859615325928,0.5761262774467468,0.8160629868507385,-0.07133400440216064,0.4589770436286926,0.7900872230529785,0.1242397278547287
11,1.MOV,4,0.5190581679344177,0.3095416724681854,-0.18090195953845978,0.521493136882782,0.2949948012828827,-0.1653275340795517,0.5229248404502869,0.29485905170440674,-0.16536298394203186,0.5241227149963379,0.2948155403137207,-0.16541573405265808,0.5150436162948608,0.2940390110015869,-0.1759067177772522,0.5116473436355591,0.2931543290615082,-0.17591486871242523,0.5083035230636597,0.2921898066997528,-0.17593859136104584,0.5211605429649353,0.294861763715744,-0.06196190044283867,0.49944067001342773,0.29046523571014404,-0.10790665447711945,0.5188248753547668,0.32226288318634033,-0.13983972370624542,0.5119963884353638,0.3208364248275757,-0.15315857529640198,0.5325452089309692,0.35507652163505554,0.01046479307115078,0.46481937170028687,0.35090115666389465,-0.08066385984420776,0.5677649974822998,0.41864243149757385,-0.07002661377191544,0.4621701240539551,0.42819565534591675,-0.2024414986371994,0.5695933103561401,0.41603466868400574,-0.2649756371974945,0.5075100660324097,0.3909493684768677,-0.343704491853714,0.5725828409194946,0.4257243573665619,-0.29909762740135193,0.5201906561851501,0.3811420798301697,-0.37920504808425903,0.5667970776557922,0.4207150340080261,-0.3026840090751648,0.521564781665802,0.37186914682388306,-0.3694811463356018,0.5643404126167297,0.41725653409957886,-0.27138614654541016,0.5184952616691589,0.37545251846313477,-0.341155469417572,0.5208665132522583,0.5441924333572388,0.014131009578704834,0.4781809449195862,0.5486339330673218,-0.013964871875941753,0.5545121431350708,0.6618766188621521,-0.16526001691818237,0.45558515191078186,0.680953860282898,-0.028659407049417496,0.5571383237838745,0.7797849178314209,-0.06124891713261604,0.4810551702976227,0.7576751708984375,0.201529860496521,0.5489609241485596,0.8013901710510254,-0.05533492565155029,0.4917744994163513,0.7705169916152954,0.21346203982830048,0.5828225016593933,0.8160508275032043,-0.15533973276615143,0.4598262310028076,0.7967168092727661,0.13622210919857025
12,1.MOV,5,0.5326218605041504,0.33447718620300293,-0.22007358074188232,0.5351933836936951,0.3196227252483368,-0.19989019632339478,0.5362393856048584,0.3196156322956085,-0.19990429282188416,0.5371379852294922,0.3195655941963196,-0.19998003542423248,0.5297492742538452,0.31744396686553955,-0.2158200740814209,0.5265772938728333,0.3157074451446533,-0.2158375233411789,0.523152768611908,0.31359097361564636,-0.21587128937244415,0.5331172943115234,0.31860944628715515,-0.08891664445400238,0.5132858753204346,0.30860650539398193,-0.15593221783638,0.5305922627449036,0.34706661105155945,-0.17562642693519592,0.5243542194366455,0.34501203894615173,-0.19609615206718445,0.5382397770881653,0.3771998882293701,-0.010397004894912243,0.4742822051048279,0.35817751288414,-0.15128140151500702,0.5818577408790588,0.405956894159317,-0.007415590342134237,0.47692108154296875,0.4402996599674225,-0.2700026035308838,0.6293571591377258,0.41692018508911133,-0.10729482024908066,0.5308381915092468,0.4451367259025574,-0.3989661633968353,0.6432285308837891,0.4127730131149292,-0.1291903555393219,0.5456258654594421,0.44343113899230957,-0.4398709833621979,0.6431722044944763,0.4061979055404663,-0.15014111995697021,0.5510795712471008,0.43578284978866577,-0.43442827463150024,0.6380841732025146,0.4141567647457123,-0.12004035711288452,0.5475584864616394,0.43387821316719055,-0.39922377467155457,0.5102367997169495,0.5667657852172852,0.024066094309091568,0.46728086471557617,0.5636784434318542,-0.02396002784371376,0.5572560429573059,0.6684978008270264,-0.11348649114370346,0.42958158254623413,0.6942891478538513,-0.048344869166612625,0.5578100085258484,0.7818915247917175,0.06546109914779663,0.4300483167171478,0.7504107356071472,0.2449614256620407,0.5483019948005676,0.8056998252868652,0.08005107939243317,0.43688955903053284,0.7615254521369934,0.27114352583885193,0.5858809947967529,0.8191291093826294,-0.0038182795979082584,0.40814152359962463,0.8068422079086304,0.20627041161060333
13,1.MOV,6,0.5170360207557678,0.331338107585907,-0.11700566858053207,0.519921600818634,0.3177659511566162,-0.10296918451786041,0.5199243426322937,0.31750938296318054,-0.10298451036214828,0.520033597946167,0.3170461356639862,-0.10300999879837036,0.5170063972473145,0.31503862142562866,-0.12365670502185822,0.5149387121200562,0.31255075335502625,-0.12364497035741806,0.5126594305038452,0.30968791246414185,-0.12368316948413849,0.5121728181838989,0.3113875389099121,-0.01614694483578205,0.5004313588142395,0.30123233795166016,-0.11041656881570816,0.5120633840560913,0.34164682030677795,-0.08185304701328278,0.5092130303382874,0.3388741612434387,-0.10984332859516144,0.5107404589653015,0.3715406656265259,0.05059725046157837,0.4458646774291992,0.34163808822631836,-0.10001727193593979,0.5418009161949158,0.43216994404792786,-0.019681312143802643,0.43225979804992676,0.44000738859176636,-0.14465758204460144,0.5624114274978638,0.3748705983161926,-0.2053351104259491,0.4865880012512207,0.47201278805732727,-0.19253692030906677,0.5715717077255249,0.3510153591632843,-0.24586641788482666,0.5007039308547974,0.47680896520614624,-0.21243098378181458,0.5693596601486206,0.3404339551925659,-0.2400219738483429,0.5055308938026428,0.46622413396835327,-0.21175244450569153,0.5647628903388977,0.3476756811141968,-0.2098877727985382,0.5014140009880066,0.46317553520202637,-0.18975162506103516,0.4768773913383484,0.5582528114318848,0.0396982803940773,0.43657436966896057,0.5579420924186707,-0.039715319871902466,0.5273303389549255,0.658844530582428,0.01634720154106617,0.4009668231010437,0.6935814619064331,-0.09587302803993225,0.5531661510467529,0.7816135883331299,0.15491528809070587,0.3648529052734375,0.8253325819969177,-0.02567708119750023,0.5435947179794312,0.80524742603302,0.16605278849601746,0.3610341548919678,0.8432561159133911,-0.022941861301660538,0.585825502872467,0.8198173642158508,0.11008653789758682,0.36547037959098816,0.8862029314041138,-0.12177503108978271
14,1.MOV,7,0.47542089223861694,0.34534937143325806,-0.13919132947921753,0.4773736000061035,0.3300018608570099,-0.1232561469078064,0.47751671075820923,0.3297160863876343,-0.12326620519161224,0.47761327028274536,0.3292953372001648,-0.12328141927719116,0.4746039807796478,0.32747623324394226,-0.1384548544883728,0.4726192355155945,0.3251101076602936,-0.13846705853939056,0.4704456925392151,0.32211315631866455,-0.1384584903717041,0.469230979681015,0.3217674791812897,-0.0324229821562767,0.4590699076652527,0.3103843331336975,-0.16068468987941742,0.47129878401756287,0.35470157861709595,-0.10318934917449951,0.4679644703865051,0.35156989097595215,-0.135248064994812,0.46578487753868103,0.37852129340171814,0.034611620008945465,0.40586262941360474,0.36407196521759033,-0.1617993265390396,0.49442869424819946,0.4589031934738159,-0.031126955524086952,0.3836727440357208,0.4675542712211609,-0.2415265291929245,0.5112671256065369,0.37784475088119507,-0.2289622277021408,0.4341796040534973,0.47226646542549133,-0.30153462290763855,0.5164661407470703,0.35978028178215027,-0.26446062326431274,0.4470020830631256,0.46788474917411804,-0.32675454020500183,0.5137162208557129,0.34907856583595276,-0.2538573741912842,0.44783729314804077,0.45482337474823,-0.31687262654304504,0.5094071626663208,0.35554102063179016,-0.23542244732379913,0.4443697929382324,0.45556408166885376,-0.2959892749786377,0.4463813304901123,0.5720901489257812,0.05835333466529846,0.40734753012657166,0.5816072821617126,-0.05838054418563843,0.5075290203094482,0.6605231761932373,0.015550315380096436,0.38729801774024963,0.7236420512199402,-0.06538992375135422,0.523105263710022,0.7809838056564331,0.1812744140625,0.35388806462287903,0.8358340859413147,0.0752040296792984,0.5148024559020996,0.8091214299201965,0.1956590861082077,0.3448578715324402,0.8572021722793579,0.08481240272521973,0.560325026512146,0.817573606967926,0.14325359463691711,0.3678296208381653,0.8882091045379639,-0.012019125744700432
15,1.MOV,8,0.4608289301395416,0.3462030291557312,-0.16645029187202454,0.4629293978214264,0.3323217034339905,-0.14679640531539917,0.4635148048400879,0.33226311206817627,-0.14679542183876038,0.4640125334262848,0.3321083188056946,-0.14678922295570374,0.45931538939476013,0.32906022667884827,-0.17007626593112946,0.45707860589027405,0.3265286982059479,-0.17009353637695312,0.4544965326786041,0.323596328496933,-0.17013876140117645,0.4580110013484955,0.32791951298713684,-0.03992433473467827,0.4428985118865967,0.3146651089191437,-0.14839695394039154,0.4575772285461426,0.35872992873191833,-0.12459723651409149,0.453500896692276,0.3540080487728119,-0.1558290421962738,0.4552960991859436,0.38766759634017944,0.04998786374926567,0.3946545422077179,0.3803105354309082,-0.1490459144115448,0.4852978587150574,0.45769909024238586,2.4160310204024427e-05,0.37135049700737,0.4799990653991699,-0.2635350823402405,0.49895724654197693,0.3834613263607025,-0.16543613374233246,0.413367360830307,0.4568711519241333,-0.3847925662994385,0.5027673840522766,0.36246228218078613,-0.19408681988716125,0.4232180118560791,0.4376789629459381,-0.4175148904323578,0.4991915822029114,0.35186129808425903,-0.18968577682971954,0.4238828122615814,0.4279472827911377,-0.40499091148376465,0.4963812232017517,0.3592607378959656,-0.16872857511043549,0.4228421747684479,0.43254417181015015,-0.37934404611587524,0.44069045782089233,0.5782222151756287,0.06282255798578262,0.4037763178348541,0.588342010974884,-0.06287328898906708,0.5028138160705566,0.6691610813140869,-0.011379830539226532,0.39121338725090027,0.731803834438324,-0.03405480831861496,0.5196882486343384,0.7860215902328491,0.10886217653751373,0.35445278882980347,0.8366385698318481,0.12219774723052979,0.5125518441200256,0.8120636940002441,0.1179698258638382,0.34528353810310364,0.8524531722068787,0.13312263786792755,0.5564357042312622,0.8157508969306946,0.05478225275874138,0.3670513331890106,0.8851903080940247,0.04380485787987709
16,1.MOV,9,0.4682427942752838,0.345110684633255,-0.0653238445520401,0.4717099666595459,0.331240177154541,-0.05257641151547432,0.47209081053733826,0.3309057950973511,-0.05259556323289871,0.47218140959739685,0.3305816948413849,-0.05259695649147034,0.4673197269439697,0.32905563712120056,-0.08467128127813339,0.46531549096107483,0.326885461807251,-0.08470547199249268,0.4637153148651123,0.3242470324039459,-0.08470363914966583,0.4634253978729248,0.3257688879966736,0.016450289636850357,0.4509250223636627,0.31557825207710266,-0.12686464190483093,0.4659528136253357,0.35581570863723755,-0.036951638758182526,0.46118077635765076,0.35274621844291687,-0.07880152761936188,0.4505171775817871,0.37768033146858215,0.09732501208782196,0.4188176989555359,0.38369423151016235,-0.17619207501411438,0.4693566858768463,0.4437723755836487,0.07632992416620255,0.44719988107681274,0.4777204394340515,-0.1764688938856125,0.4962746500968933,0.38687336444854736,-0.06780405342578888,0.48480743169784546,0.403777152299881,-0.0636025220155716,0.5039441585540771,0.3627799451351166,-0.09028440713882446,0.4962778687477112,0.3789500892162323,-0.07252730429172516,0.49910563230514526,0.35296857357025146,-0.09684304147958755,0.49089479446411133,0.36966997385025024,-0.07550281286239624,0.49481701850891113,0.36112967133522034,-0.07761375606060028,0.4834846556186676,0.382466197013855,-0.059736620634794235,0.44327622652053833,0.5759503841400146,0.07976089417934418,0.4120844304561615,0.5873860120773315,-0.0797133594751358,0.5004988312721252,0.6705590486526489,0.07827843725681305,0.4165648818016052,0.7340759038925171,-0.07025282084941864,0.5206669569015503,0.7894232273101807,0.1775766760110855,0.35611170530319214,0.8346092104911804,0.029232818633317947,0.5135191082954407,0.8140690922737122,0.19728243350982666,0.3435456156730652,0.8439621925354004,0.035335976630449295,0.5581796169281006,0.8162950277328491,0.11978340148925781,0.3688339293003082,0.8919152021408081,-0.03406142443418503
17,1.MOV,10,0.4805935025215149,0.34538352489471436,-0.05606250837445259,0.4797544479370117,0.3318752646446228,-0.0457642525434494,0.4789598882198334,0.3310321867465973,-0.04577624052762985,0.47822102904319763,0.33024153113365173,-0.04581112042069435,0.4800434708595276,0.3316362202167511,-0.07504703104496002,0.4793226718902588,0.3306751251220703,-0.07505954056978226,0.47851505875587463,0.3296057879924774,-0.07509052008390427,0.467583566904068,0.32513752579689026,0.008083701133728027,0.46789026260375977,0.32454773783683777,-0.1254402995109558,0.4750257134437561,0.35529625415802,-0.03304341807961464,0.47522440552711487,0.35381558537483215,-0.07239361107349396,0.44251593947410583,0.3745577037334442,0.10779856145381927,0.4452614188194275,0.3830498456954956,-0.1905958354473114,0.4651351571083069,0.3955925703048706,0.2741701900959015,0.4947262704372406,0.40450093150138855,-0.2289905548095703,0.49924564361572266,0.37455347180366516,0.381473183631897,0.5572611093521118,0.39250996708869934,-0.1709260642528534,0.5039271116256714,0.3618210256099701,0.4074597954750061,0.5677350759506226,0.37323498725891113,-0.19188767671585083,0.5010381937026978,0.3591535687446594,0.3853057026863098,0.5647533535957336,0.36654505133628845,-0.1824938952922821,0.49932584166526794,0.3642321825027466,0.3741433620452881,0.5616475939750671,0.3732975423336029,-0.1653485745191574,0.4451034963130951,0.580815315246582,0.0848749652504921,0.4213191568851471,0.5955101847648621,-0.08491341769695282,0.5011920928955078,0.6615690588951111,0.12498986721038818,0.4257858395576477,0.7361156940460205,-0.045640431344509125,0.5211371183395386,0.7903633117675781,0.22939415276050568,0.3574773073196411,0.8332850337028503,0.05129885673522949,0.5133346915245056,0.8159044981002808,0.23808693885803223,0.3446599841117859,0.8352346420288086,0.060232795774936676,0.5577625036239624,0.8158460855484009,0.20806121826171875,0.36924538016319275,0.890588104724884,0.0059646302834153175
18,1.MOV,11,0.4887321889400482,0.3520343005657196,-0.04879755526781082,0.4893270432949066,0.338998019695282,-0.03929046541452408,0.4885769784450531,0.3379664421081543,-0.039312317967414856,0.4877685010433197,0.33677828311920166,-0.039349574595689774,0.4890381693840027,0.3388284146785736,-0.06866880506277084,0.48813337087631226,0.3377866744995117,-0.06868225336074829,0.48711198568344116,0.3365781903266907,-0.0687122642993927,0.47751301527023315,0.3302425146102905,0.011840504594147205,0.4758968949317932,0.33028391003608704,-0.12268482148647308,0.48220863938331604,0.3605305850505829,-0.0266447514295578,0.4816603660583496,0.3609251379966736,-0.06603831052780151,0.44616061449050903,0.3755249083042145,0.10874192416667938,0.4529983401298523,0.38246026635169983,-0.18803614377975464,0.46992263197898865,0.40578311681747437,0.26327237486839294,0.4974524974822998,0.41883137822151184,-0.21670213341712952,0.510844886302948,0.38540199398994446,0.3520665764808655,0.5566774606704712,0.397350013256073,-0.1699853390455246,0.5146040320396423,0.37376412749290466,0.3732183277606964,0.5693956017494202,0.3803544044494629,-0.19138570129871368,0.5159651041030884,0.37163564562797546,0.35122156143188477,0.5671699047088623,0.3725086748600006,-0.18421797454357147,0.514884889125824,0.37615957856178284,0.3440275192260742,0.5624980926513672,0.3790622353553772,-0.16553695499897003,0.4456976056098938,0.5806925296783447,0.08639326691627502,0.4223754405975342,0.5949666500091553,-0.08640700578689575,0.5018754601478577,0.6607679128646851,0.11311954259872437,0.42316317558288574,0.7357518672943115,-0.06550954282283783,0.5211931467056274,0.7906543016433716,0.20905235409736633,0.35620003938674927,0.832253098487854,0.00820319913327694,0.5126803517341614,0.8175105452537537,0.21424999833106995,0.3406272530555725,0.8372195959091187,0.013504552654922009,0.5584482550621033,0.8148354291915894,0.19718754291534424,0.3718375563621521,0.8897014856338501,-0.04651802033185959
19,1.MOV,12,0.4957696795463562,0.36038631200790405,-0.1172289028763771,0.49743446707725525,0.3477412462234497,-0.100224569439888,0.4970036447048187,0.34695082902908325,-0.10026894509792328,0.4964927136898041,0.3460714817047119,-0.1003151684999466,0.4961942136287689,0.3465880751609802,-0.12977418303489685,0.4949185252189636,0.3451363742351532,-0.12978877127170563,0.4933962821960449,0.3434513509273529,-0.1298162341117859,0.48606282472610474,0.33851075172424316,-0.01788470707833767,0.4808008670806885,0.33480215072631836,-0.1514865905046463,0.4889031946659088,0.36973369121551514,-0.08443649113178253,0.48690810799598694,0.36911362409591675,-0.12342685461044312,0.4637354016304016,0.38696277141571045,0.0856369212269783,0.4521665573120117,0.3943922817707062,-0.208721324801445,0.48387089371681213,0.43398112058639526,0.18995234370231628,0.4940681457519531,0.44904249906539917,-0.2577213644981384,0.5217739343643188,0.4213819205760956,0.1973852813243866,0.5493165254592896,0.41373565793037415,-0.23060695827007294,0.5292659997940063,0.4193720519542694,0.2004723846912384,0.559463620185852,0.4054664671421051,-0.2562943398952484,0.5323579907417297,0.3877500891685486,0.17972023785114288,0.557940661907196,0.3989190459251404,-0.2513562738895416,0.5272269248962402,0.41146135330200195,0.1861511617898941,0.5529822111129761,0.4013046324253082,-0.22735080122947693,0.4480052590370178,0.5812979340553284,0.08292505145072937,0.4220147132873535,0.5951082110404968,-0.08281179517507553,0.5077252388000488,0.6592777967453003,0.04462127760052681,0.4092227518558502,0.7344218492507935,-0.06885075569152832,0.5218470096588135,0.79062819480896,0.10641969740390778,0.352596640586853,0.8340325355529785,0.0036807884462177753,0.5133756995201111,0.8193358778953552,0.10967268794775009,0.33716922998428345,0.8452574014663696,0.007225400768220425,0.5592128038406372,0.8137831687927246,0.06177142262458801,0.3722494840621948,0.8897120356559753,-0.07327942550182343
20,1.MOV,13,0.521051824092865,0.34192684292793274,-0.12770052254199982,0.5236091613769531,0.3275633156299591,-0.11181865632534027,0.5243462324142456,0.32738587260246277,-0.11185614764690399,0.5250746607780457,0.3271650969982147,-0.11188597977161407,0.5195102095603943,0.3248801827430725,-0.12459488213062286,0.5167925357818604,0.32258033752441406,-0.12459969520568848,0.5135481953620911,0.31983011960983276,-0.12459828704595566,0.5209672451019287,0.32569801807403564,-0.006479012314230204,0.5029821991920471,0.31332704424858093,-0.07271233201026917,0.5186651349067688,0.35391953587532043,-0.08759517222642899,0.5131672620773315,0.34997475147247314,-0.10284513235092163,0.5183857679367065,0.38632726669311523,0.07286364585161209,0.4673616290092468,0.36004868149757385,-0.08219042420387268,0.5435742139816284,0.455721378326416,-0.025893324986100197,0.46095138788223267,0.45166173577308655,-0.1693907082080841,0.5496956706047058,0.4466313123703003,-0.22028811275959015,0.5165985822677612,0.42560577392578125,-0.21868130564689636,0.5500076413154602,0.495784729719162,-0.2564902603626251,0.5316850543022156,0.4156785011291504,-0.2379641979932785,0.5456417798995972,0.4710592031478882,-0.24696028232574463,0.5319691896438599,0.4039659798145294,-0.23706117272377014,0.5436215996742249,0.43905016779899597,-0.22231581807136536,0.5275543928146362,0.40806707739830017,-0.2166277915239334,0.4773325026035309,0.5643664598464966,0.05004226043820381,0.4397726058959961,0.5581033825874329,-0.049969762563705444,0.5250445008277893,0.6602069139480591,-0.031571466475725174,0.40421003103256226,0.6894699335098267,-0.11554566770792007,0.5225170254707336,0.790515661239624,0.07005640119314194,0.36334455013275146,0.8256841897964478,-0.08867788314819336,0.51329505443573,0.8154413104057312,0.07706904411315918,0.358551561832428,0.8430986404418945,-0.08986702561378479,0.5576279759407043,0.8184988498687744,0.02334870584309101,0.36838221549987793,0.8846461176872253,-0.18812218308448792
21,1.MOV,14,0.5303307771682739,0.30590319633483887,-0.1535101979970932,0.534430980682373,0.2922569811344147,-0.13947388529777527,0.5360460877418518,0.2924838662147522,-0.13950267434120178,0.5375310182571411,0.29271200299263,-0.13953523337841034,0.5277314186096191,0.28912580013275146,-0.1480945646762848,0.5244511365890503,0.28685781359672546,-0.14809831976890564,0.5208726525306702,0.2840363681316376,-0.14809411764144897,0.535784125328064,0.292883038520813,-0.04775793477892876,0.5121423006057739,0.2803717851638794,-0.07298888266086578,0.5292534828186035,0.3185573220252991,-0.1174679771065712,0.5216896533966064,0.31541523337364197,-0.1304444819688797,0.5409128069877625,0.3613840639591217,0.021291662007570267,0.47691813111305237,0.3336057662963867,-0.04885943606495857,0.5641515254974365,0.44120872020721436,-0.06114879995584488,0.4501158595085144,0.4145638346672058,-0.14612971246242523,0.5550134181976318,0.4103156626224518,-0.24169138073921204,0.5007980465888977,0.4092767536640167,-0.2747844457626343,0.5511026382446289,0.4077649414539337,-0.2780214250087738,0.5161248445510864,0.4029599130153656,-0.30484873056411743,0.5471299886703491,0.3935187757015228,-0.27127963304519653,0.5197719931602478,0.3926999270915985,-0.2957136034965515,0.5458136200904846,0.39247432351112366,-0.24342040717601776,0.5161837339401245,0.39564406871795654,-0.27200043201446533,0.5016809701919556,0.534799337387085,0.026020308956503868,0.46214690804481506,0.527727484703064,-0.025961199775338173,0.5329166650772095,0.6606320142745972,-0.06848759949207306,0.43040189146995544,0.6645606756210327,-0.07625029981136322,0.5228939056396484,0.7899784445762634,0.02392031066119671,0.4119638502597809,0.7869111895561218,0.006228995975106955,0.5124691128730774,0.8154745101928711,0.028811683878302574,0.4141570031642914,0.806861937046051,0.009200959466397762,0.5573991537094116,0.8247772455215454,-0.046515293419361115,0.3975829482078552,0.8353667259216309,-0.0886368677020073
22,1.MOV,15,0.5256928205490112,0.27226629853248596,-0.26324060559272766,0.5289512872695923,0.25873714685440063,-0.2505090534687042,0.5303350687026978,0.259124755859375,-0.2505135238170624,0.5318717360496521,0.2594248950481415,-0.2505696415901184,0.5223863124847412,0.25646892189979553,-0.2529788613319397,0.5186985731124878,0.25525587797164917,-0.25300437211990356,0.5155077576637268,0.2543056309223175,-0.25297680497169495,0.5314935445785522,0.26178887486457825,-0.15030673146247864,0.5077536106109619,0.2560787498950958,-0.1603192687034607,0.5249301195144653,0.2869267165660858,-0.22330322861671448,0.5168365240097046,0.2850448489189148,-0.22638528048992157,0.5444419384002686,0.3342834711074829,-0.07261087000370026,0.4756142497062683,0.3155216574668884,-0.09539207816123962,0.5701669454574585,0.42295607924461365,-0.16897788643836975,0.4417913556098938,0.40107032656669617,-0.20493097603321075,0.5468252301216125,0.3895544409751892,-0.363698273897171,0.4872918128967285,0.3739773631095886,-0.3706318140029907,0.5385164618492126,0.38300642371177673,-0.40328845381736755,0.4984953999519348,0.3679867684841156,-0.4064793586730957,0.5347360372543335,0.372591108083725,-0.3969941735267639,0.5019785165786743,0.3608631491661072,-0.3966819643974304,0.5352506637573242,0.37479397654533386,-0.36491459608078003,0.49945539236068726,0.3627758324146271,-0.3687075972557068,0.5160520672798157,0.5208712816238403,0.006612591445446014,0.4742036461830139,0.5156758427619934,-0.006598195992410183,0.5321717262268066,0.6571745276451111,-0.10505957901477814,0.45265212655067444,0.657696008682251,0.02043277584016323,0.5241363644599915,0.786838948726654,-0.008759361691772938,0.4709070324897766,0.7468912601470947,0.2542688846588135,0.5146495699882507,0.8077371120452881,-0.00422952976077795,0.47834745049476624,0.7566962242126465,0.2738494873046875,0.5514037609100342,0.8239200115203857,-0.10542836040258408,0.4531289041042328,0.7977347373962402,0.20586125552654266
23,1.MOV,16,0.5066279768943787,0.2677612602710724,-0.3110676407814026,0.5114626288414001,0.2543715834617615,-0.2986157238483429,0.5137978792190552,0.2547687292098999,-0.2986223101615906,0.5164034366607666,0.25521811842918396,-0.29866650700569153,0.5025942921638489,0.2528950870037079,-0.29974108934402466,0.49979227781295776,0.25254589319229126,-0.2997841536998749,0.49684587121009827,0.2520761787891388,-0.2997469902038574,0.519940197467804,0.25886160135269165,-0.20003041625022888,0.4915638566017151,0.25545167922973633,-0.20463748276233673,0.5107728838920593,0.2816602885723114,-0.272235631942749,0.5001291036605835,0.2805647552013397,-0.27366742491722107,0.538685142993927,0.3323327302932739,-0.12807340919971466,0.46491488814353943,0.3213374614715576,-0.13307535648345947,0.5622645020484924,0.4231790006160736,-0.21238449215888977,0.4412783086299896,0.41321617364883423,-0.2312057465314865,0.5355556011199951,0.40866348147392273,-0.40221482515335083,0.47557663917541504,0.38072726130485535,-0.4187912344932556,0.5277150869369507,0.41268566250801086,-0.445016086101532,0.48385247588157654,0.37251389026641846,-0.4567323625087738,0.5255013108253479,0.3976455628871918,-0.44503432512283325,0.4851430356502533,0.3639824688434601,-0.4531829357147217,0.5268453359603882,0.39498090744018555,-0.4053824841976166,0.4840555191040039,0.3666931986808777,-0.41992610692977905,0.5201545357704163,0.5170220732688904,-0.00561328511685133,0.47764700651168823,0.5171809792518616,0.005647182930260897,0.5321610569953918,0.6546647548675537,-0.1035347580909729,0.472287654876709,0.6548605561256409,0.09464938938617706,0.5279620289802551,0.7847992181777954,-0.03265001252293587,0.4920259416103363,0.7560257911682129,0.291553795337677,0.517898440361023,0.8041139245033264,-0.03246205300092697,0.5008782148361206,0.7712121605873108,0.3057348430156708,0.553252637386322,0.8214685320854187,-0.14419516921043396,0.46979016065597534,0.793940544128418,0.2252831906080246
24,1.MOV,17,0.49316221475601196,0.270335853099823,-0.27277684211730957,0.49738675355911255,0.25741979479789734,-0.26168736815452576,0.5002183318138123,0.2574610710144043,-0.2616804242134094,0.502792477607727,0.25765448808670044,-0.26169291138648987,0.4884893298149109,0.256796270608902,-0.2622951865196228,0.4854697585105896,0.2564797103404999,-0.26231786608695984,0.48290762305259705,0.2563469409942627,-0.26228800415992737,0.5050122737884521,0.2614865005016327,-0.17087051272392273,0.4791870713233948,0.259804904460907,-0.17922095954418182,0.4980558753013611,0.28350192308425903,-0.2363598793745041,0.4871644079685211,0.28334659337997437,-0.23740854859352112,0.5266963839530945,0.33238404989242554,-0.10835061967372894,0.45747143030166626,0.3360767960548401,-0.08312229067087173,0.5475841760635376,0.42404064536094666,-0.17408564686775208,0.4404727816581726,0.42912641167640686,-0.15418186783790588,0.5205186009407043,0.4144003093242645,-0.348036527633667,0.4643535614013672,0.39075058698654175,-0.34893420338630676,0.5119069814682007,0.41839510202407837,-0.38750889897346497,0.4725876450538635,0.3835339844226837,-0.385590136051178,0.5087006688117981,0.40205344557762146,-0.3915853500366211,0.4736795425415039,0.3735106587409973,-0.389293372631073,0.5105974078178406,0.3989759683609009,-0.35172760486602783,0.47283682227134705,0.3745332956314087,-0.35344451665878296,0.5211098790168762,0.5085985064506531,-0.013374393805861473,0.47941288352012634,0.5148596167564392,0.01336430199444294,0.5344206094741821,0.6481094360351562,-0.05365849286317825,0.4756243824958801,0.6548935174942017,0.06272514909505844,0.5407231450080872,0.7767354249954224,0.03549304977059364,0.4904301166534424,0.7581522464752197,0.2326170653104782,0.5338152050971985,0.7947885394096375,0.03600044548511505,0.5030151605606079,0.7750318050384521,0.23039844632148743,0.5559438467025757,0.8225848078727722,-0.08797737956047058,0.4689626097679138,0.7948694825172424,0.13981540501117706
25,1.MOV,18,0.49086427688598633,0.2594251334667206,-0.23799054324626923,0.49569588899612427,0.24661555886268616,-0.2274811714887619,0.4980487823486328,0.24688509106636047,-0.22747144103050232,0.5001545548439026,0.24747982621192932,-0.22746920585632324,0.4869158864021301,0.24697059392929077,-0.2253578156232834,0.4838481545448303,0.24744053184986115,-0.2253681719303131,0.4810759127140045,0.24815259873867035,-0.2253294289112091,0.504075288772583,0.25318530201911926,-0.1428074687719345,0.4774877429008484,0.2539692223072052,-0.1324315369129181,0.4962095320224762,0.2731308341026306,-0.20435278117656708,0.48528337478637695,0.2740511894226074,-0.20166270434856415,0.5262331366539001,0.32196107506752014,-0.09322024881839752,0.4582129418849945,0.33223646879196167,-0.047270484268665314,0.552712082862854,0.40656039118766785,-0.15888024866580963,0.44109946489334106,0.4272632598876953,-0.11889252811670303,0.5217913389205933,0.39687418937683105,-0.31449824571609497,0.461383581161499,0.3804779350757599,-0.3113377094268799,0.5121456384658813,0.4027715027332306,-0.35219889879226685,0.4681021571159363,0.37129783630371094,-0.3468797504901886,0.5086041688919067,0.3860621452331543,-0.3514809310436249,0.46926742792129517,0.3602910041809082,-0.34870028495788574,0.5102902054786682,0.38345417380332947,-0.3159196376800537,0.469016969203949,0.362495094537735,-0.31507229804992676,0.5226326584815979,0.500438392162323,-0.02356506511569023,0.4813428819179535,0.5074751377105713,0.023575961589813232,0.5384863018989563,0.6423032879829407,-0.058982182294130325,0.4808456003665924,0.6468899846076965,0.078348807990551,0.5577250719070435,0.7750107049942017,-0.0075505017302930355,0.49201226234436035,0.75836181640625,0.20611774921417236,0.5533487796783447,0.7949047684669495,-0.009816152974963188,0.5017514824867249,0.7764922380447388,0.21303141117095947,0.5671464204788208,0.8193982243537903,-0.12159426510334015,0.4686184823513031,0.792206883430481,0.1292358934879303
26,1.MOV,19,0.4976351857185364,0.25722938776016235,-0.2249305695295334,0.5021656155586243,0.2450152486562729,-0.21346458792686462,0.5048409104347229,0.24536535143852234,-0.21346668899059296,0.5079615712165833,0.24594895541667938,-0.21345655620098114,0.4945562481880188,0.2449697107076645,-0.21135222911834717,0.49167877435684204,0.24536560475826263,-0.21134844422340393,0.488929808139801,0.2459314912557602,-0.21131272614002228,0.512964129447937,0.2523765563964844,-0.1256624162197113,0.4858492910861969,0.2516099214553833,-0.11630579084157944,0.5029042363166809,0.27075526118278503,-0.19074808061122894,0.4936395287513733,0.2706971764564514,-0.18825368583202362,0.5365197062492371,0.32243838906288147,-0.07299832999706268,0.46802783012390137,0.33055371046066284,-0.03309715539216995,0.5596815943717957,0.40897873044013977,-0.13612988591194153,0.44908827543258667,0.4259866178035736,-0.09933163225650787,0.5254892110824585,0.3987894356250763,-0.29798808693885803,0.4679049551486969,0.3808843791484833,-0.29138603806495667,0.5139153003692627,0.4030812084674835,-0.3363615870475769,0.47394171357154846,0.37255099415779114,-0.3271562457084656,0.5118144750595093,0.3868759274482727,-0.3368505835533142,0.47541865706443787,0.3626975119113922,-0.3302525579929352,0.5141067504882812,0.38461944460868835,-0.3003760576248169,0.47482967376708984,0.3644750714302063,-0.2955452501773834,0.5277823209762573,0.504629373550415,-0.02248217537999153,0.48751240968704224,0.5083266496658325,0.02250949665904045,0.5422348380088806,0.6487444639205933,-0.05228147655725479,0.4833412170410156,0.647205114364624,0.08257146179676056,0.5593312978744507,0.781184732913971,-0.0004656012752093375,0.49132704734802246,0.7588099837303162,0.21704404056072235,0.555425226688385,0.7997187972068787,-0.0002501134586054832,0.5008068680763245,0.7776459455490112,0.22416254878044128,0.5694822072982788,0.8229618668556213,-0.11146271228790283,0.4667205810546875,0.7927002906799316,0.13386647403240204
27,1.MOV,20,0.5166724920272827,0.25300881266593933,-0.2355441153049469,0.5206068754196167,0.24107292294502258,-0.2244560718536377,0.5236117839813232,0.24115878343582153,-0.2244691550731659,0.5262472033500671,0.24154844880104065,-0.22444088757038116,0.512844443321228,0.2412223219871521,-0.2197616994380951,0.5100715160369873,0.24140985310077667,-0.2197507619857788,0.5071256756782532,0.24148645997047424,-0.21973462402820587,0.5306533575057983,0.24867123365402222,-0.13780388236045837,0.5035861730575562,0.24670694768428802,-0.12524591386318207,0.5211981534957886,0.26706287264823914,-0.2021094262599945,0.5116989016532898,0.2669724225997925,-0.1969040036201477,0.5521837472915649,0.323247492313385,-0.08458767831325531,0.48256978392601013,0.32631099224090576,-0.04488283768296242,0.5694791078567505,0.41798388957977295,-0.14807553589344025,0.46125197410583496,0.4204658567905426,-0.11214955151081085,0.536608099937439,0.4019845724105835,-0.314874529838562,0.48201656341552734,0.3837302327156067,-0.3036039173603058,0.5269080996513367,0.40420833230018616,-0.3532177805900574,0.48919740319252014,0.37605056166648865,-0.3401808738708496,0.5253748297691345,0.3893318176269531,-0.35372501611709595,0.49032050371170044,0.36683914065361023,-0.3436425030231476,0.5274928212165833,0.38714128732681274,-0.3175552785396576,0.4893387258052826,0.36771050095558167,-0.3083955943584442,0.5354746580123901,0.5131751298904419,-0.021481458097696304,0.49572986364364624,0.5112082362174988,0.02149011939764023,0.5475442409515381,0.6577808260917664,-0.03334518522024155,0.48422878980636597,0.6465820074081421,0.08654586970806122,0.559678316116333,0.7852672338485718,0.03857814148068428,0.49093905091285706,0.7586515545845032,0.23007957637310028,0.554970383644104,0.8046238422393799,0.03789267688989639,0.500831663608551,0.7772046327590942,0.2386046200990677,0.5716456174850464,0.8268226385116577,-0.07452768832445145,0.4663880467414856,0.7931470274925232,0.15428639948368073
28,1.MOV,21,0.5212118625640869,0.2462339550256729,-0.24789223074913025,0.5259894132614136,0.23423230648040771,-0.23807084560394287,0.5289762616157532,0.23487041890621185,-0.23807354271411896,0.5318759679794312,0.23565807938575745,-0.2380744218826294,0.5176435708999634,0.23256677389144897,-0.23465673625469208,0.5144267082214355,0.23222756385803223,-0.23465819656848907,0.5113295316696167,0.2319861501455307,-0.23463395237922668,0.5364290475845337,0.2430250346660614,-0.15404877066612244,0.5082816481590271,0.23760026693344116,-0.13752047717571259,0.5254255533218384,0.262827068567276,-0.21459658443927765,0.5149015188217163,0.2627636790275574,-0.20995375514030457,0.5566402673721313,0.32294055819511414,-0.09651004523038864,0.486781507730484,0.31719768047332764,-0.051917217671871185,0.5785768032073975,0.4185442328453064,-0.16346214711666107,0.46489351987838745,0.41296932101249695,-0.12484872341156006,0.5465906858444214,0.4019421339035034,-0.3277736306190491,0.48839569091796875,0.3703942894935608,-0.3217068910598755,0.5359601974487305,0.40363141894340515,-0.36447447538375854,0.4944634437561035,0.3596380054950714,-0.35900989174842834,0.533903181552887,0.3886585235595703,-0.3641188144683838,0.4962405562400818,0.34928712248802185,-0.35874143242836,0.5357846617698669,0.3867960572242737,-0.3292166292667389,0.4959939122200012,0.3522597551345825,-0.3248940706253052,0.5392997860908508,0.5122198462486267,-0.02498774603009224,0.49824899435043335,0.5084176063537598,0.02498958446085453,0.5495859384536743,0.6582717895507812,-0.04103967919945717,0.4822008013725281,0.6423748731613159,0.08747250586748123,0.5598312616348267,0.7852319478988647,0.028761262074112892,0.48557010293006897,0.7526603937149048,0.24187369644641876,0.5552552938461304,0.8049344420433044,0.02827114798128605,0.49640893936157227,0.7705536484718323,0.25176486372947693,0.5702763795852661,0.830274224281311,-0.08541887253522873,0.4631466269493103,0.791490912437439,0.16853530704975128
